algo,m,n,iter,opt,eta,row_resid,col_resid,cost,time,rel_err,abs_err,rel_conv,grad_norm,cg_iter,cg_time,kkt_err,Delta_p,Delta_d,Delta_c,newton_iter
BISN_EOT_noskip,1024,1024,0,0.0016574349207533754,0.001,32767.968750003263,32767.968750001386,0.16967018783943946,0.0,101.3691402388922,0.1680127529186861,1.0,,[],[],,,,,0
BISN_EOT_noskip,1024,1024,1,0.0016574349207533754,0.001,5.375554843836019e-18,9.093626055451134e-12,0.002462778738336177,0.2698129170000001,0.48589770101907725,0.0008053438175828016,0.9854849059242704,9.093626055451134e-12,"[51, 61, 59, 61, 61, 39]","[0.008867709000000001, 0.010032999999999959, 0.010302416000000036, 0.011223250000000018, 0.012672874999999806, 0.009676541999999788]",,,,,6
