algo,m,n,iter,opt,eta,row_resid,col_resid,cost,time,rel_err,abs_err,rel_conv,grad_norm,cg_iter,cg_time,kkt_err,Delta_p,Delta_d,Delta_c,newton_iter
BISN_EOT_skip1,10000,10000,0,0.00022736946104261484,0.001,999999.9900000002,999999.9899999998,0.49996822930036233,0.0,2197.9242838846135,0.4997408598393197,1.0,,[],[],,,,,0
BISN_EOT_skip1,10000,10000,1,0.00022736946104261484,0.001,1.4037094027893854e-18,8.385392446250455e-11,0.001080230353254257,47.44401579200007,3.7509913965613624,0.0008528608922116421,0.9978394020060717,8.385392446250455e-11,"[14, 28, 33, 46, 79, 127, 192, 226, 232, 179]","[0.054873374999942826, 0.11005520899993826, 0.1352991670000847, 0.20008387500001845, 0.36107862500011834, 0.603912666000042, 0.9500034170000617, 1.1676301249999597, 1.2528058330001386, 1.0191488750001554]",,,,,10
