algo,m,n,iter,opt,eta,row_resid,col_resid,cost,time,rel_err,abs_err,rel_conv,grad_norm,cg_iter,cg_time,kkt_err,Delta_p,Delta_d,Delta_c,newton_iter
BISN_EOT_noskip,10000,10000,0,0.00022736946104261484,0.001,999999.9900000002,999999.9899999998,0.49996822930036233,0.0,2197.9242838846135,0.4997408598393197,1.0,,[],[],,,,,0
BISN_EOT_noskip,10000,10000,1,0.00022736946104261484,0.001,1.4142048055478821e-18,8.366099522325261e-11,0.0010802303529261585,51.974278542,3.7509913951183433,0.0008528608918835437,0.9978394020067279,8.366099522325261e-11,"[14, 28, 33, 46, 79, 127, 192, 226, 232, 179]","[0.053501250000000056, 0.10671333400000016, 0.13268458299999963, 0.19468337500000032, 0.35012399999999744, 0.5986783329999952, 0.9334616659999995, 1.150827041999996, 1.2367665000000017, 1.0090528329999984]",,,,,10
