algo,m,n,iter,opt,eta,row_resid,col_resid,cost,time,rel_err,abs_err,rel_conv,grad_norm,cg_iter,cg_time,kkt_err,Delta_p,Delta_d,Delta_c,newton_iter
PINS_EOT,10000,10000,0,0.00022736946104261484,0.001,999999.9900000002,999999.9899999998,0.49996822930036233,0.0,2197.9242838846135,0.4997408598393197,1.0,,[],[],,,,,0
PINS_EOT,10000,10000,1,0.00022736946104261484,0.001,7.095622077172492e-11,1.9147504420516645e-11,0.0010802303369308961,392.0752391660001,3.7509913247691316,0.0008528608758882813,0.9978394020387205,1.9147504420516645e-11,"[11, 10, 10, 10, 9, 9, 9, 8, 8, 8, 9, 10, 15, 23, 37, 61, 100, 163, 248, 345, 450, 450, 345]","[0.15327350000006845, 0.13834383299990805, 0.1398597919999247, 0.1399477500001467, 0.1253132500000902, 0.1286627080000926, 0.1268519169998399, 0.1117029580000235, 0.1123277080000662, 0.1108636670001033, 0.12836924999987787, 0.13917304100004912, 0.2070707500001845, 0.32031470899983105, 0.52154712499987, 0.8481615420000708, 1.3834697910001523, 2.2974454590000732, 3.4448236250000264, 4.819149082999957, 6.247726833000115, 6.2506006670000716, 4.806185333999792]",,,,,23
