algo,m,n,iter,opt,eta,row_resid,col_resid,cost,time,rel_err,abs_err,rel_conv,grad_norm,cg_iter,cg_time,kkt_err,Delta_p,Delta_d,Delta_c,newton_iter
BISN_EOT_skip1,1024,1024,0,0.02065654586271825,0.001,32767.968750034637,32767.968750017,0.1528360929220786,0.0,6.39891818979877,0.13217954705936033,1.0,,[],[],,,,,0
BISN_EOT_skip1,1024,1024,1,0.02065654586271825,0.001,8.749855321351576e-18,6.884098928198327e-11,0.021343718555131962,4.363584458000005,0.033266582756894966,0.000687172692413713,0.860348965044443,6.884098928198327e-11,"[64, 37, 36, 41, 31, 37, 40, 29, 43, 39, 38, 38, 32, 38, 35, 41, 45, 34, 37, 30, 30, 45, 34, 28, 54, 39, 32, 42, 42, 41, 45, 52, 45, 47, 35, 42, 43, 44, 47, 48, 41, 38, 54, 41, 42, 60, 44, 46, 47, 81, 110, 271, 624, 623, 526, 749, 804, 678, 592, 444, 515, 472, 468, 384, 353, 259, 236, 203, 177, 158, 130]","[0.009643500000002803, 0.0037919159999972862, 0.003993250000000614, 0.004811457999998936, 0.003548667000004002, 0.004099750000001734, 0.004461542000001373, 0.003168791000000226, 0.004657417000004216, 0.004242458999996757, 0.0041827499999982365, 0.004087208000001397, 0.0036116249999977867, 0.004231124999996894, 0.004023249999995926, 0.004659834000001695, 0.005247249999996484, 0.0040240830000044525, 0.004363791000002948, 0.003549750000004792, 0.0036038329999996677, 0.00526112499999698, 0.00404295799999943, 0.003262083999999277, 0.006433624999999665, 0.004721416999998951, 0.003726874999998131, 0.004961957999995548, 0.0048952500000041255, 0.004923000000005118, 0.005433749999994575, 0.006226417000000595, 0.005285916999994811, 0.005785416000001931, 0.004144584000002283, 0.005005082999993249, 0.005222666999998182, 0.005176292000001581, 0.005644166000003281, 0.005755499999999358, 0.004852540999998212, 0.004516499999994039, 0.0066619999999986135, 0.004974459000003151, 0.005170333000002358, 0.007488250000001528, 0.005469916000002684, 0.005715124999994714, 0.005689917000005096, 0.010461790999997334, 0.014488499999998794, 0.037535292000001164, 0.09110916600000252, 0.09206345799999838, 0.07736704099999514, 0.11442770900000454, 0.13513329199999902, 0.10618833299999864, 0.091796875, 0.06939091699999977, 0.08134695799999747, 0.07532987499999422, 0.07553425000000402, 0.06120741700000565, 0.05654249999999905, 0.042121458000004, 0.03949133399999738, 0.03494666699999982, 0.03157945799999595, 0.029679916999995726, 0.02654024999999649]",,,,,71
