algo,m,n,iter,opt,eta,row_resid,col_resid,cost,time,rel_err,abs_err,rel_conv,grad_norm,cg_iter,cg_time,kkt_err,Delta_p,Delta_d,Delta_c,newton_iter
PINS_EOT,1024,1024,0,0.02065654586271825,0.001,32767.968750034637,32767.968750017,0.1528360929220786,0.0,6.39891818979877,0.13217954705936033,1.0,,[],[],,,,,0
PINS_EOT,1024,1024,1,0.02065654586271825,0.001,2.4796987569028756e-11,4.8904967830132754e-11,0.02134371854776892,6.223753958000003,0.03326658240044424,0.0006871726850506722,0.8603489650926189,4.8904967830132754e-11,"[18, 20, 23, 25, 28, 32, 37, 53, 79, 87, 95, 103, 106, 110, 112, 124, 125, 150, 146, 190, 184, 284, 320, 548, 878, 1147, 1398, 1203, 1714, 1611, 1128, 952, 778, 536, 504, 425, 375, 336, 273, 221]","[0.002663333999997519, 0.0028788750000003915, 0.003291332999999952, 0.00358925000000454, 0.0040229580000001874, 0.004560791000002951, 0.00521991699999802, 0.007530625000001123, 0.01119441699999868, 0.012368082999998364, 0.013514790999998638, 0.014715000000002476, 0.015037624999997945, 0.015649375000002408, 0.01616229100000055, 0.017790750000003186, 0.01821504099999771, 0.021742374999995207, 0.021218707999999253, 0.02755545899999845, 0.026996541999999124, 0.041577665999994906, 0.04668237499999606, 0.07988408300000316, 0.12855879199999976, 0.16653162499999752, 0.2034121670000033, 0.17380741699999902, 0.249943082999998, 0.23244112500000114, 0.16196225000000197, 0.1364152080000025, 0.11075295799999907, 0.07719050000000038, 0.0725054589999985, 0.06108691700000435, 0.05397787499999396, 0.04847187500000416, 0.039241541999999185, 0.031739958999999374]",,,,,40
