algo,m,n,iter,opt,eta,row_resid,col_resid,cost,time,rel_err,abs_err,rel_conv,grad_norm,cg_iter,cg_time,kkt_err,Delta_p,Delta_d,Delta_c,newton_iter
BISN_EOT_skip1,4096,4096,0,0.0015077837935959237,0.001,262143.98437500015,262143.98437499988,0.16444655755560172,0.0,108.06507833156373,0.1629387737620058,1.0,,[],[],,,,,0
BISN_EOT_skip1,4096,4096,1,0.0015077837935959237,0.001,2.4948800088574056e-18,6.303855727686108e-11,0.0024278249753201557,4.18411674999993,0.6101943697975554,0.0009200411817242319,0.9852363891868076,6.303855727686108e-11,"[40, 61, 61, 62, 60, 58]","[0.11481008300006579, 0.1779657079999879, 0.18530633299997135, 0.19573258299999452, 0.20414320800000496, 0.2227388339999834]",,,,,6
