algo,m,n,iter,opt,eta,row_resid,col_resid,cost,time,rel_err,abs_err,rel_conv,grad_norm,cg_iter,cg_time,kkt_err,Delta_p,Delta_d,Delta_c,newton_iter
BISN_EOT_skip1,1024,1024,0,0.005323961371414864,0.001,32767.968750014898,32767.96875001396,0.1794191865856032,0.0,32.70031712644111,0.17409522521418835,1.0,,[],[],,,,,0
BISN_EOT_skip1,1024,1024,1,0.005323961371414864,0.001,5.9106439064035364e-18,9.381049423597367e-12,0.0060360932254068,0.9333484590000001,0.13375977102604047,0.0007121318539919366,0.9663575934086241,9.381049423597367e-12,"[37, 46, 61, 54, 58, 54, 51, 34, 56, 50, 89, 159, 380, 169, 139, 114, 95, 80, 65]","[0.00603529199999997, 0.006083416999999924, 0.008226665999999883, 0.007012166999999847, 0.007770708000000015, 0.007351834000000057, 0.006821332999999985, 0.004532166000000171, 0.007575292000000067, 0.006872082999999973, 0.01255120799999987, 0.023212124999999917, 0.05891295800000007, 0.02582024999999999, 0.021839249999999755, 0.01835141600000023, 0.015880874999999683, 0.014302499999999885, 0.012833500000000164]",,,,,19
