algo,m,n,iter,opt,eta,row_resid,col_resid,cost,time,rel_err,abs_err,rel_conv,grad_norm,cg_iter,cg_time,kkt_err,Delta_p,Delta_d,Delta_c,newton_iter
BISN_EOT_skip1,1000,1000,0,6.946465053373141e-05,0.001,31622.74497891217,31622.74497891238,0.16583501934216102,0.0,2386.3296427458886,0.1657655546916273,1.0,,[],[],,,,,0
BISN_EOT_skip1,1000,1000,1,6.946465053373141e-05,0.001,5.24772843547975e-18,2.0996274637583255e-11,0.0005561140477331101,0.7513880420000003,7.005712883606405,0.0004866493971993787,0.9966465825496983,2.0996274637583255e-11,"[26, 45, 49, 61, 81, 98, 102, 99, 97, 90, 75]","[0.01030641699999979, 0.01676795799999997, 0.01865895800000006, 0.023748458999999666, 0.032247374999999856, 0.04005683299999996, 0.04259091700000006, 0.04206362499999994, 0.041995167000000055, 0.03984416599999996, 0.03493199999999996]",,,,,11
