algo,m,n,iter,opt,eta,row_resid,col_resid,cost,time,rel_err,abs_err,rel_conv,grad_norm,cg_iter,cg_time,kkt_err,Delta_p,Delta_d,Delta_c,newton_iter
BISN_EOT_noskip,1000,1000,0,6.946465053373141e-05,0.001,31622.74497891217,31622.74497891238,0.16583501934216102,0.0,2386.3296427458886,0.1657655546916273,1.0,,[],[],,,,,0
BISN_EOT_noskip,1000,1000,1,6.946465053373141e-05,0.001,5.286056357091214e-18,2.0511585845689117e-11,0.0005561140476197924,0.7151952500000001,7.005712881975104,0.00048664939708606094,0.9966465825503816,2.0511585845689117e-11,"[26, 45, 49, 61, 81, 98, 102, 99, 97, 90, 75]","[0.009767292000000038, 0.01598183299999989, 0.018186166000000226, 0.02298495799999989, 0.03132270799999981, 0.03898441699999999, 0.041522583000000335, 0.04101466699999978, 0.04126554100000002, 0.0389456659999996, 0.033774750000000076]",,,,,11
