algo,m,n,iter,opt,eta,row_resid,col_resid,cost,time,rel_err,abs_err,rel_conv,grad_norm,cg_iter,cg_time,kkt_err,Delta_p,Delta_d,Delta_c,newton_iter
PINS_EOT,1000,1000,0,6.946465053373141e-05,0.001,31622.74497891217,31622.74497891238,0.16583501934216102,0.0,2386.3296427458886,0.1657655546916273,1.0,,[],[],,,,,0
PINS_EOT,1000,1000,1,6.946465053373141e-05,0.001,6.458993870575659e-10,6.381407528226134e-10,0.0005561209163218748,6.6673033749999995,7.00581176251405,0.0004866562657881434,0.9966465411314938,6.381407528226134e-10,"[9, 9, 11, 11, 14, 16, 18, 19, 23, 28, 37, 53, 67, 77, 88, 127, 161, 182, 202, 213, 216, 214, 224, 226, 227, 227, 228, 228, 228, 228, 228, 229, 228, 228, 228, 227, 226, 224, 224, 220, 217, 216, 214, 213, 210, 206, 202, 200, 156, 195, 145, 145, 142, 141, 139, 137, 136, 87, 130, 74, 75, 120, 66]","[0.0013329169999991564, 0.0013473749999981521, 0.001709292000001028, 0.001643500000000131, 0.001959458999998276, 0.0023891670000004694, 0.0026457079999993027, 0.002679708000002279, 0.0034151669999999967, 0.003890417000000923, 0.005074000000000467, 0.007593749999998067, 0.009557958000002031, 0.010861207999994349, 0.012501291999996056, 0.017667625000001408, 0.022770749999999396, 0.02558637500000316, 0.028659125000004337, 0.029865417000003447, 0.03060312500000606, 0.030031499999999767, 0.03162045799999902, 0.031599833999997884, 0.03248125000000357, 0.03242300000000142, 0.031982666000004656, 0.03202191599999793, 0.03251854200000537, 0.03243191600000017, 0.03221275000000645, 0.03194425000000223, 0.032421291999995105, 0.032332457999999065, 0.03222112500000662, 0.032001332999996634, 0.03188445800000039, 0.03175824999999577, 0.03141329199999632, 0.031022874999997896, 0.03056133300000141, 0.030335416999996312, 0.030365916000000936, 0.030034708000002297, 0.029601499999998282, 0.028845042000000376, 0.028473167000001354, 0.028431166000004282, 0.022061874999998565, 0.027161958000000652, 0.020696916999995096, 0.020515416999998592, 0.0200119159999943, 0.020008999999994614, 0.019265541999999414, 0.019334458000002996, 0.018996667000003242, 0.01240475000000174, 0.018160500000000468, 0.010523708000000909, 0.010448207999999681, 0.017005374999996548, 0.00935637500000297]",,,,,63
