algo,m,n,iter,opt,eta,row_resid,col_resid,cost,time,rel_err,abs_err,rel_conv,grad_norm,cg_iter,cg_time,kkt_err,Delta_p,Delta_d,Delta_c,newton_iter
BISN_EOT_noskip,5000,5000,0,0.00045949154617637954,0.001,353553.3764511382,353553.3764511382,0.4998803139463327,0.0,1086.8988266618721,0.49942082240015634,1.0,,[],[],,,,,0
BISN_EOT_noskip,5000,5000,1,0.00045949154617637954,0.001,1.9950661559800034e-18,1.1819515395709047e-10,0.0011854698179185076,12.200285833,1.5799600183796536,0.0007259782717421281,0.997628492691461,1.1819515395709047e-10,"[20, 29, 33, 46, 78, 126, 195, 238, 242, 196, 97]","[0.01702920799999985, 0.02427008300000022, 0.029017582999999902, 0.04215191699999998, 0.0769826250000003, 0.1346739579999996, 0.21701437499999976, 0.2762192499999987, 0.28812154099999887, 0.2544618339999989, 0.13473000000000113]",,,,,11
