algo,m,n,iter,opt,eta,row_resid,col_resid,cost,time,rel_err,abs_err,rel_conv,grad_norm,cg_iter,cg_time,kkt_err,Delta_p,Delta_d,Delta_c,newton_iter
BISN_EOT_skip1,5000,5000,0,0.00045949154617637954,0.001,353553.3764511382,353553.3764511382,0.4998803139463327,0.0,1086.8988266618721,0.49942082240015634,1.0,,[],[],,,,,0
BISN_EOT_skip1,5000,5000,1,0.00045949154617637954,0.001,2.0153189271350567e-18,1.1839208167899736e-10,0.0011854698182241644,11.510690249999996,1.5799600190448602,0.0007259782720477849,0.9976284926908495,1.1839208167899736e-10,"[20, 29, 33, 46, 78, 126, 195, 238, 242, 196, 97]","[0.017524417000004178, 0.02421954199999732, 0.029109124999990854, 0.043489875000005895, 0.07612066599999423, 0.13311908299999686, 0.2118967079999976, 0.26582799999999907, 0.29203720799999644, 0.24698845800000413, 0.1278491660000043]",,,,,11
