algo,m,n,iter,opt,eta,row_resid,col_resid,cost,time,rel_err,abs_err,rel_conv,grad_norm,cg_iter,cg_time,kkt_err,Delta_p,Delta_d,Delta_c,newton_iter
PINS_EOT,5000,5000,0,0.00045949154617637954,0.001,353553.3764511382,353553.3764511382,0.4998803139463327,0.0,1086.8988266618721,0.49942082240015634,1.0,,[],[],,,,,0
PINS_EOT,5000,5000,1,0.00045949154617637954,0.001,7.167899257290691e-11,1.3845675257527728e-10,0.001185469828165946,78.06899225,1.5799600406813443,0.0007259782819895664,0.9976284926709612,1.3845675257527728e-10,"[15, 14, 13, 13, 12, 12, 12, 11, 12, 12, 16, 23, 37, 59, 97, 161, 255, 353, 460, 446, 379]","[0.05051745899999993, 0.04597295800000012, 0.042627957999998856, 0.04330954199999937, 0.04044724999999971, 0.039854042000001755, 0.040440000000000254, 0.036903375000001404, 0.0403832079999944, 0.040000875000004044, 0.053572124999995197, 0.07724216700000142, 0.12350837500000011, 0.19615995799999553, 0.323308499999996, 0.5365123750000009, 0.8454993339999959, 1.1774415419999968, 1.5261718750000028, 1.480596250000005, 1.2578310410000029]",,,,,21
