algo,m,n,iter,opt,eta,row_resid,col_resid,cost,time,rel_err,abs_err,rel_conv,grad_norm,cg_iter,cg_time,kkt_err,Delta_p,Delta_d,Delta_c,newton_iter
BISN_EOT_noskip,10000,10000,0,9.69519770231933e-06,0.001,999999.9900000002,999999.9899999998,0.16775923252849928,0.0,17302.332812735436,0.16774953733079695,1.0,,[],[],,,,,0
BISN_EOT_noskip,10000,10000,1,9.69519770231933e-06,0.001,1.6960173762727237e-18,6.192723731128202e-11,0.000497962843672152,112.12838087499999,50.36180395300521,0.00048826764596983266,0.997031681439127,6.192723731128202e-11,"[18, 43, 48, 59, 79, 118, 170, 218, 245, 197]","[0.7215754580000002, 1.7144718749999974, 2.029516458, 2.495871292000004, 3.401797374999994, 5.187879625000001, 7.634374082999997, 9.974557667, 11.499676915999999, 9.510789791000008]",,,,,10
