algo,m,n,iter,opt,eta,row_resid,col_resid,cost,time,rel_err,abs_err,rel_conv,grad_norm,cg_iter,cg_time,kkt_err,Delta_p,Delta_d,Delta_c,newton_iter
BISN_EOT_skip1,10000,10000,0,9.69519770231933e-06,0.001,999999.9900000002,999999.9899999998,0.16775923252849928,0.0,17302.332812735436,0.16774953733079695,1.0,,[],[],,,,,0
BISN_EOT_skip1,10000,10000,1,9.69519770231933e-06,0.001,1.6822063513019809e-18,6.205343878254824e-11,0.0004979628437817619,111.19975650000015,50.361803964310795,0.00048826764607944257,0.9970316814384736,6.205343878254824e-11,"[18, 43, 48, 59, 79, 118, 170, 218, 245, 197]","[0.7114162500001839, 1.7350211249995482, 2.01740854199943, 2.508069417000115, 3.4370166670005347, 5.225660541999787, 7.655593875000704, 10.05076416599968, 11.523010208000414, 9.588881292000224]",,,,,10
