algo,m,n,iter,opt,eta,row_resid,col_resid,cost,time,rel_err,abs_err,rel_conv,grad_norm,cg_iter,cg_time,kkt_err,Delta_p,Delta_d,Delta_c,newton_iter
PINS_EOT,10000,10000,0,9.69519770231933e-06,0.001,999999.9900000002,999999.9899999998,0.16775923252849928,0.0,17302.332812735436,0.16774953733079695,1.0,,[],[],,,,,0
PINS_EOT,10000,10000,1,9.69519770231933e-06,0.001,6.923240064233548e-10,6.915847734328019e-10,0.0004979865654605323,969.3743549589999,50.36425070954475,0.000488291367758213,0.9970315400353542,6.915847734328019e-10,"[8, 8, 8, 7, 7, 7, 7, 7, 7, 8, 9, 10, 11, 13, 15, 20, 31, 51, 69, 83, 99, 164, 248, 338, 383, 390, 423, 455, 517, 469, 495, 541, 591, 597, 599, 598, 591, 524, 496, 467, 459, 452, 440, 432, 415, 402, 360, 340, 333, 293, 277, 265, 246, 219, 193, 186, 152, 149, 113, 146, 77, 85]","[0.10917170799984888, 0.1104425420003281, 0.107683624999936, 0.09683766599982846, 0.09608091699965371, 0.09678458300004422, 0.09570979199997964, 0.09585366700002851, 0.0963957499998287, 0.10826641700032269, 0.12259929200035913, 0.13793879199965886, 0.1500575420000132, 0.17831875000001673, 0.20673208300013357, 0.2734333749999678, 0.4244154579996575, 0.6948528749999241, 0.9485287090001293, 1.1399073339998722, 1.3543380420001085, 2.253856750000068, 3.363115291000213, 4.638200416000018, 5.246747667000363, 5.339765666999938, 5.733606042000247, 6.2441922500001965, 7.019216499999857, 6.466789832999893, 6.7802085420003095, 7.340842375000193, 8.070444458000111, 8.207361582999965, 8.150648332999936, 8.196591709000131, 8.01792204200001, 7.103698416000043, 6.814428084000156, 6.410677041999861, 6.291507582999657, 6.1440837079999255, 6.027302290999614, 5.922241416999896, 5.6979905829994095, 5.509309832999861, 4.925500625000495, 4.668701083000087, 4.520716791000268, 4.03537254100047, 3.7979642500004047, 3.635047249999843, 3.3413123749996885, 2.9703269170004205, 2.6193104590001894, 2.5551991250003994, 2.0835329999999885, 2.0459040420000747, 1.5325530000000072, 1.9983961249999993, 1.0462913330002266, 1.1521328340004402]",,,,,62
