algo,m,n,iter,opt,eta,row_resid,col_resid,cost,time,rel_err,abs_err,rel_conv,grad_norm,cg_iter,cg_time,kkt_err,Delta_p,Delta_d,Delta_c,newton_iter
BISN_EOT_skip1,1000,1000,0,0.002144739808710604,0.001,31622.74497891217,31622.74497891238,0.5001658420169118,0.0,232.20583689711367,0.4980211022082012,1.0,,[],[],,,,,0
BISN_EOT_skip1,1000,1000,1,0.002144739808710604,0.001,4.6270585797731885e-18,9.05727263649959e-10,0.0024530136380620784,0.642815624999999,0.14373483818384747,0.0003082738293514746,0.9950955994352387,9.05727263649959e-10,"[45, 34, 44, 33, 40, 34, 43, 43, 51, 60, 56, 60, 68, 77, 65]","[0.0026561669999995985, 0.001949999999999008, 0.0025017500000004134, 0.0019222499999997922, 0.0023993749999995373, 0.001979332999999528, 0.0025169169999994523, 0.0025761250000009284, 0.0030019170000006312, 0.003573375000000212, 0.0032972500000010285, 0.003562958999999921, 0.004193665999999041, 0.004940999999998752, 0.0045479999999997744]",,,,,15
