algo,m,n,iter,opt,eta,row_resid,col_resid,cost,time,rel_err,abs_err,rel_conv,grad_norm,cg_iter,cg_time,kkt_err,Delta_p,Delta_d,Delta_c,newton_iter
BISN_EOT_noskip,1000,1000,0,0.002144739808710604,0.001,31622.74497891217,31622.74497891238,0.5001658420169118,0.0,232.20583689711367,0.4980211022082012,1.0,,[],[],,,,,0
BISN_EOT_noskip,1000,1000,1,0.002144739808710604,0.001,4.930519197979945e-18,4.665596565264338e-10,0.0024530136319026907,0.5355000000000001,0.14373483531198972,0.00030827382319208695,0.9950955994475533,4.665596565264338e-10,"[45, 34, 44, 33, 36, 36, 40, 54, 68, 73, 76, 73, 63]","[0.0027006659999999627, 0.0020394580000000495, 0.0026889160000000967, 0.00198562499999988, 0.002160374999999881, 0.002147708999999942, 0.0024747080000000476, 0.0033815420000000707, 0.004276791999999974, 0.004643415999999956, 0.005017208000000162, 0.004912374999999969, 0.004383208999999999]",,,,,13
