algo,m,n,iter,opt,eta,row_resid,col_resid,cost,time,rel_err,abs_err,rel_conv,grad_norm,cg_iter,cg_time,kkt_err,Delta_p,Delta_d,Delta_c,newton_iter
PINS_EOT,1000,1000,0,0.002144739808710604,0.001,31622.74497891217,31622.74497891238,0.5001658420169118,0.0,232.20583689711367,0.4980211022082012,1.0,,[],[],,,,,0
PINS_EOT,1000,1000,1,0.002144739808710604,0.001,1.630195240057828e-11,1.1163769834501702e-11,0.002453013583549754,2.024136541999999,0.14373481276709335,0.0003082737748391503,0.9950955995442271,1.1163769834501702e-11,"[38, 37, 37, 36, 36, 37, 36, 39, 50, 66, 85, 129, 174, 197, 210, 199, 192, 164]","[0.005335708000000494, 0.005278291999999851, 0.0052039159999992535, 0.005062417000001318, 0.004985125000001034, 0.005884749999999883, 0.00513016699999902, 0.005488959000000904, 0.007953958999999955, 0.011377291000000511, 0.011927999999999273, 0.01865287500000079, 0.024059916999998876, 0.02720341700000084, 0.030794208000001433, 0.03184008300000052, 0.0276158750000004, 0.02318904200000027]",,,,,18
