algo,m,n,iter,opt,eta,row_resid,col_resid,cost,time,rel_err,abs_err,rel_conv,grad_norm,cg_iter,cg_time,kkt_err,Delta_p,Delta_d,Delta_c,newton_iter
BISN_EOT_skip1,5000,5000,0,5.813596238851425e-05,0.001,353553.3764511382,353553.3764511382,0.16585476616235342,0.0,2851.8772785074057,0.1657966301999649,1.0,,[],[],,,,,0
BISN_EOT_skip1,5000,5000,1,5.813596238851425e-05,0.001,2.381144875969193e-18,2.0680563739398198e-10,0.0005465560044467285,27.003318291000028,8.4013409599066,0.0004884200420582143,0.9967046108044209,2.0680563739398198e-10,"[20, 46, 49, 65, 89, 125, 187, 243, 243, 210, 141]","[0.1966608750000205, 0.4586699999999837, 0.5036929579999878, 0.6686812920000875, 0.9393428749999657, 1.3728148749999036, 2.0662952919999498, 2.7614177919999747, 2.801395292000052, 2.459611415999916, 1.6864890409999589]",,,,,11
