algo,m,n,iter,opt,eta,row_resid,col_resid,cost,time,rel_err,abs_err,rel_conv,grad_norm,cg_iter,cg_time,kkt_err,Delta_p,Delta_d,Delta_c,newton_iter
BISN_EOT_noskip,5000,5000,0,5.813596238851425e-05,0.001,353553.3764511382,353553.3764511382,0.16585476616235342,0.0,2851.8772785074057,0.1657966301999649,1.0,,[],[],,,,,0
BISN_EOT_noskip,5000,5000,1,5.813596238851425e-05,0.001,2.405024929619981e-18,2.0621746668565858e-10,0.0005465560044130077,28.062425083,8.401340959326568,0.0004884200420244935,0.9967046108046241,2.0621746668565858e-10,"[20, 46, 49, 65, 89, 125, 187, 243, 243, 210, 141]","[0.19301841600000014, 0.44440787500000045, 0.4847107079999997, 0.6736760410000002, 0.9200451249999997, 1.3342269169999987, 2.044007583000001, 2.7240125830000004, 2.7797197910000015, 2.4361017920000023, 1.6661937500000015]",,,,,11
