algo,m,n,iter,opt,eta,row_resid,col_resid,cost,time,rel_err,abs_err,rel_conv,grad_norm,cg_iter,cg_time,kkt_err,Delta_p,Delta_d,Delta_c,newton_iter
PINS_EOT,5000,5000,0,5.813596238851425e-05,0.001,353553.3764511382,353553.3764511382,0.16585476616235342,0.0,2851.8772785074057,0.1657966301999649,1.0,,[],[],,,,,0
PINS_EOT,5000,5000,1,5.813596238851425e-05,0.001,6.19360912977038e-10,6.184832085552659e-10,0.000546571030762082,234.5238203329999,8.401599428412773,0.0004884350683735678,0.9967045202051833,6.184832085552659e-10,"[8, 8, 8, 8, 8, 7, 7, 10, 11, 12, 13, 15, 17, 21, 30, 45, 67, 81, 102, 186, 252, 302, 322, 380, 405, 435, 424, 464, 471, 476, 549, 551, 555, 557, 559, 562, 564, 566, 566, 562, 555, 471, 465, 460, 456, 447, 443, 419, 412, 364, 348, 339, 327, 276, 267, 252, 244, 222, 193, 178, 154, 154, 85, 149, 73, 74]","[0.02762762500003646, 0.027171500000008564, 0.027031875000034233, 0.026890750000006847, 0.027184207999994214, 0.02364450000004581, 0.02351850000002287, 0.033758457999965685, 0.0371464999999489, 0.04066437500000575, 0.044000207999943086, 0.05047762499998498, 0.05740079099996365, 0.0707019170000649, 0.10069562499995754, 0.1517199590000473, 0.22734862499999053, 0.2725800829999798, 0.34339954199992917, 0.6242944169999873, 0.8473503330000085, 1.0120589580000114, 1.088169291999975, 1.2725057499999366, 1.3580976670000382, 1.463079958000094, 1.4206550829999287, 1.5481801669999413, 1.5824374580000722, 1.5993374580000363, 1.8359553330000153, 1.834891999999968, 1.8490982499999973, 1.855250999999953, 1.8802007079999612, 1.888444333999928, 1.8881102080000574, 1.8985002090000762, 1.8980557090000048, 1.883101750000037, 1.8595088330000635, 1.5872994590000644, 1.5579241660000207, 1.5403049589999682, 1.5212690829999929, 1.4995984159999125, 1.47645379100004, 1.4026707919999808, 1.3842136250000294, 1.2202054999999064, 1.1675525829999742, 1.1338182499999903, 1.092797915999995, 0.9282360000000835, 0.8954013329999952, 0.8439282499999763, 0.8158406249999643, 0.7414001249999274, 0.6446244999999635, 0.5952545409999175, 0.5146465410000474, 0.5134534579999581, 0.28657479200001035, 0.49921554200000173, 0.24559516699991946, 0.2470943339999394]",,,,,66
